-- phpMyAdmin SQL Dump
-- version 4.4.9
-- http://www.phpmyadmin.net
--
-- Host: localhost:3306
-- Creato il: Dic 18, 2015 alle 09:13
-- Versione del server: 5.5.42
-- Versione PHP: 5.6.10

SET SQL_MODE = "NO_AUTO_VALUE_ON_ZERO";
SET time_zone = "+00:00";

--
-- Database: `GestioneIscrizioni`
--

-- --------------------------------------------------------

--
-- Struttura della tabella `Alunni`
--

CREATE TABLE `Alunni` (
  `cod_matricola` int(11) NOT NULL,
  `nome` varchar(255) NOT NULL,
  `cognome` varchar(255) NOT NULL,
  `classe` varchar(255) NOT NULL,
  `stato_registrazione` int(11) NOT NULL
) ENGINE=InnoDB DEFAULT CHARSET=utf8;

--
-- Dump dei dati per la tabella `Alunni`
--

INSERT INTO `Alunni` (`cod_matricola`, `nome`, `cognome`, `classe`, `stato_registrazione`) VALUES
(3034, 'VALERIA', 'MICUCCI', '4ACH', 0),
(7975, 'MARIO', 'SASSI', '5AEL', 0),
(8159, 'CHRISTIAN', 'BARONE', '5AEL', 0),
(8305, 'DYLAN', 'D''ANNUNZIO', '5AEL', 0),
(8316, 'GIACOMO', 'RACANO', '4AMC', 0),
(8338, 'GIULIO', 'HYKA', '4ACH', 0),
(8341, 'BRANDO', 'MONFORTE', '5AIN', 0),
(8349, 'GIUSEPPE LORENZO', 'ANTENUCCI', '5AIN', 0),
(8371, 'ALESSIO', 'BATTISTA', '5AIN', 0),
(8430, 'PANFILO', 'POMPONIO', '5AIN', 0),
(8432, 'GIUSEPPE', 'GIULIANI', '5BIN', 0),
(8437, 'GIUSEPPE', 'COLANGELO', '5AEL', 0),
(8446, 'STEFANO', 'FATTORE', '5BLS', 0),
(8447, 'LAURA', 'DELLE MONACHE', '5CLS', 0),
(8453, 'MARCELLO', 'TIBERI', '5AEL', 0),
(8456, 'GRAZIANO ANTONIO', 'STANISCI', '5BMC', 0),
(8460, 'GIUSEPPE PIO', 'PISTILLI', '4AIN', 0),
(8483, 'WILLIAM', 'DI NOCCO', '5BMC', 0),
(8501, 'GRAZIA PIA', 'DE MARTINO', '4ATR', 0),
(8502, 'CESARE UMBERTO', 'POLLUTRI', '5AEL', 0),
(8505, 'MIRKO', 'PAGLIARO', '4AEL', 0),
(8506, 'LEOPOLDO', 'CONVENTI', '5AEL', 0),
(8507, 'REBECCA', 'D''AMARIO', '5AIN', 0),
(8509, 'MARCO', 'RUGGIERO', '5ALS', 0),
(8510, 'SAMUELE', 'BUDANO', '5AEL', 0),
(8512, 'ION CLAUDIU', 'NICA', '5BIN', 0),
(8516, 'DAVIDE', 'DEL VILLANO', '3ATR', 0),
(8520, 'ANTONIO', 'CORVINO', '5BLS', 0),
(8523, 'MORENA PIA', 'MARINIELLO', '5BLS', 0),
(8535, 'NICOLAS', 'RUFFILLI', '5ALS', 0),
(8539, 'ANTONIO', 'COLINO', '5AIN', 0),
(8540, 'STEFAN ADRIAN', 'MURGUI', '5BIN', 0),
(8542, 'MARCO', 'PACE', '5AMC', 0),
(8546, 'GIANLUCA', 'NAGLIERI', '5AEL', 0),
(8549, 'GIUSEPPE', 'CHECCHIA', '4BIN', 0),
(8553, 'STEFANO', 'DESIATI', '4ATR', 0),
(8556, 'FRANCESCO', 'TARTAGLIA', '5BMC', 0),
(8557, 'MARCO', 'MASCIULLI', '5AIN', 0),
(8558, 'GIULIANO', 'ZILLI', '5AIN', 0),
(8567, 'ANNA MARIA', 'BRACONE', '5BLS', 0),
(8569, 'DAVIDE', 'TORRIONE', '4ALS', 0),
(8575, 'EMANUELE', 'NICODEMO', '5CLS', 0),
(8584, 'CINZIA', 'PISCICELLI', '5BLS', 0),
(8586, 'ROBERTA', 'LUCCI', '5AIN', 0),
(8587, 'VALERIA DOMENICA', 'DI PASQUALE', '5BLS', 0),
(8601, 'FABIO', 'MASI', '5BMC', 0),
(8606, 'MATTIA', 'ACQUAROLA', '5AMC', 0),
(8607, 'RENATO', 'DI LORENZO', '4ATR', 0),
(8619, 'DAVIDE', 'CAPITANIO', '5AMC', 0),
(8635, 'PAOLO', 'IALACCI', '5BLS', 0),
(8647, 'VLADUT DANIEL', 'BUTACU', '5BMC', 0),
(8665, 'ANDREA', 'RIGANELLI', '5AIN', 0),
(8666, 'ENRICO', 'DI PIETRO', '5AIN', 0),
(8667, 'LUCIO', 'MORO', '5BIN', 0),
(8669, 'FRANCESCO PIO', 'COZZOLINO', '5ALS', 0),
(8671, 'AXEL', 'CACCIOPPOLA', '4AIN', 0),
(8672, 'FRANCESCA', 'COPPA', '5AIN', 0),
(8673, 'ANTONIO', 'DI DEO', '5AIN', 0),
(8674, 'VINCENZO', 'DI CICCO', '5AIN', 0),
(8675, 'ANDREA', 'SORGINI', '5AMC', 0),
(8676, 'RICCARDO', 'MARISI', '5BIN', 0),
(8678, 'CHRISTIAN', 'CIERI', '5BIN', 0),
(8681, 'GIOVANNI', 'DE PAOLA', '5BIN', 0),
(8682, 'NICOLA', 'PECA', '4BIN', 0),
(8683, 'FRANCESCO', 'GIAMPIETRO', '5AIN', 0),
(8684, 'GABRIELLA', 'BOLOGNESE', '5AIN', 0),
(8685, 'SIMONE', 'BELFIORE', '5AMC', 0),
(8686, 'CESARE', 'CICCOTOSTO', '4ATR', 0),
(8688, 'YURI', 'ANTENUCCI', '5AIN', 0),
(8689, 'ALEX', 'PRETA', '5BLS', 0),
(8691, 'DAVIDE', 'UCCI', '3ATR', 0),
(8692, 'MATTEO', 'D''ASCENZO', '5BIN', 0),
(8694, 'GIANMARCO', 'DANIELE', '5BMC', 0),
(8695, 'MARIO ENRICO', 'TESTA', '5BIN', 0),
(8696, 'CHIARA', 'MASCIANTONIO', '5AIN', 0),
(8697, 'NICOLA GIUSEPPE', 'NINNI', '5BIN', 0),
(8698, 'IVAN LORENZO', 'GIACOMUCCI', '5BIN', 0),
(8699, 'GIUSEPPE', 'PERRUPATO', '5BIN', 0),
(8700, 'FRANCESCO PIO', 'DE GIROLAMO', '5BMC', 0),
(8701, 'FEDERICA', 'DEL NEGRO', '5AIN', 0),
(8702, 'DAVIDE', 'LARIVERA', '5AEL', 0),
(8703, 'GIORDANO', 'NANULA', '4AIN', 0),
(8704, 'LOREDANA', 'DE DOMINICIS', '4ACH', 0),
(8705, 'MASSIMILIANO', 'SANTOVITO', '5ACH', 0),
(8706, 'DANIELE', 'MARINELLI', '5ACH', 0),
(8707, 'FRANCESCO', 'PALAGI', '4ACH', 0),
(8708, 'GIACOMO', 'DI VAIRA', '5AIN', 0),
(8709, 'MIRIANA', 'DI MARTINO', '5AIN', 0),
(8710, 'LUCA', 'MAZZEO', '5ACH', 0),
(8713, 'GIANLUCA', 'MANGANO', '5ALS', 0),
(8715, 'GIADA', 'DEL CASALE', '5ALS', 0),
(8716, 'GIORGIO', 'SPADACCINI', '5BLS', 0),
(8718, 'NICOLA', 'DI TULLIO', '5BLS', 0),
(8719, 'SONIA CAMELIA', 'RUS', '5CLS', 0),
(8720, 'AGOSTINO', 'MARINO', '5ALS', 0),
(8721, 'SARA', 'FABRIZIO', '5ALS', 0),
(8723, 'FIORELLA', 'FLAVIANO', '5CLS', 0),
(8724, 'LORENZO MARIA', 'IACOVITTI', '5ALS', 0),
(8725, 'ERIKA', 'PALLADINO', '5ACH', 0),
(8726, 'FRANCESCA', 'CIMINI', '5CLS', 0),
(8727, 'MATTIA', 'CARBONELLI', '5CLS', 0),
(8728, 'ALESSIO', 'CANOSA', '4ATR', 0),
(8729, 'DELIA', 'DI SILVIO', '5BLS', 0),
(8730, 'ROBERTO', 'DI GIACOMO', '5BLS', 0),
(8731, 'GIORGIA', 'SERAFINO', '5CLS', 0),
(8732, 'MARCO', 'MARINUCCI', '5ALS', 0),
(8733, 'KARIN', 'GATTI', '2ATR', 0),
(8734, 'MATTIA', 'RONZITTI', '5CLS', 0),
(8735, 'SIMONA', 'TOLLI', '5ALS', 0),
(8736, 'MICAELA', 'CATALANO', '5CLS', 0),
(8737, 'LORENZO', 'ZINNI', '5ALS', 0),
(8738, 'GIUSEPPE', 'CAPITOLI', '5ALS', 0),
(8740, 'VIVIANA', 'NAGLIERI', '5BLS', 0),
(8741, 'MELISSA', 'NOZZI', '5BLS', 0),
(8742, 'MATTIA', 'PERROZZI', '5ALS', 0),
(8743, 'CESARIO', 'ACQUAROLA', '5CLS', 0),
(8744, 'BRUNO', 'CAVUOTI', '5BLS', 0),
(8745, 'MIRIANA', 'BERARDI', '5BLS', 0),
(8746, 'FABRIZIO', 'PAVAN', '5BLS', 0),
(8747, 'SIMONE', 'EVANGELISTA', '4ATR', 0),
(8748, 'FABIO', 'MASCI', '5ALS', 0),
(8749, 'LIDIA', 'PETTA', '5BLS', 0),
(8750, 'FRANCESCO', 'DI MATTEO', '5ALS', 0),
(8751, 'LORENZO', 'COLANERI', '5CLS', 0),
(8752, 'VALERIA', 'DESIDERIO', '5BLS', 0),
(8753, 'WALEED MOHAMMAD', 'ABBASI', '5AEL', 0),
(8754, 'DANIELE', 'DI IORIO', '5AEL', 0),
(8756, 'GIANLUCA', 'CONTI', '5AEL', 0),
(8757, 'MIRKO', 'DI PENTA', '5AEL', 0),
(8759, 'CHRISTIAN', 'MARINUCCI', '4AIN', 0),
(8760, 'LORENZO', 'DI MEO', '4AEL', 0),
(8761, 'LUCA', 'CILLI', '5AEL', 0),
(8762, 'DONATO', 'FORTE', '5AEL', 0),
(8765, 'MICHELE', 'D''ALOISIO', '5AEL', 0),
(8766, 'MATTIA', 'DI FONZO', '5AIN', 0),
(8767, 'FABIO', 'RONZITTI', '5AEL', 0),
(8768, 'FRANCESCO', 'MEMMO', '5CLS', 0),
(8769, 'ANTONIO PIO', 'COCO', '5AEL', 0),
(8770, 'MORENO', 'BRUNO', '5AMC', 0),
(8771, 'FRANCESCO', 'DE PALO', '5AEL', 0),
(8772, 'LORENZO', 'TITTAFERRANTE', '5AEL', 0),
(8773, 'GIANMARCO', 'BOZZELLI', '5AEL', 0),
(8774, 'MATTEO', 'LARIVERA', '5BMC', 0),
(8775, 'EMANUELE', 'LOMBARDI', '5AEL', 0),
(8776, 'DAVIDE', 'MARROLLO', '5AEL', 0),
(8777, 'ANTONIO', 'DI BELLO', '5ACH', 0),
(8778, 'ENZO', 'ZACCARDI', '5AEL', 0),
(8779, 'ARMANDO', 'CICCARONE', '4ATR', 0),
(8782, 'CARMINE', 'PRESENZA', '5BMC', 0),
(8784, 'ANTHONY', 'BRACCIALE', '5BIN', 0),
(8786, 'STEFANO', 'SPADACCINI', '4AMC', 0),
(8788, 'ANTONIO', 'DE FILIPPIS', '4AMC', 0),
(8790, 'PIERO', 'RICCA', '5AMC', 0),
(8791, 'MARIO', 'RANIERI', '4AEL', 0),
(8792, 'VINCENZO', 'PALMISANO', '4ATR', 0),
(8793, 'FRANCESCO', 'VILLAMAGNA', '4ATR', 0),
(8794, 'SAMUELE', 'D''ERCOLE', '5AMC', 0),
(8796, 'GIULIO', 'PICCIRILLI', '5BMC', 0),
(8797, 'SANTINO', 'STINZIANI', '5AEL', 0),
(8798, 'GIOELE', 'TRACCHIA', '5AMC', 0),
(8799, 'NICOLA', 'BUDANO', '5AMC', 0),
(8801, 'MARCO', 'FALASCA', '5AMC', 0),
(8802, 'ALBERTO', 'FIORITI', '5AEL', 0),
(8803, 'FABIO', 'DELLE MONACHE', '5AMC', 0),
(8804, 'ALESSANDRO', 'DI CHIACCHIO', '4AMC', 0),
(8805, 'MATTEO', 'RITRIVI', '5BMC', 0),
(8807, 'NATAN', 'CILLI', '4AEL', 0),
(8808, 'DAVIDE', 'ULISSE', '5AMC', 0),
(8809, 'SAMUEL', 'D''AGOSTINO', '2AEL', 0),
(8810, 'ANTONIO', 'DI FILIPPO', '4AMC', 0),
(8811, 'ANTONIO', 'CORDISCO', '5BMC', 0),
(8812, 'SIMONE', 'GENOVA', '3AEL', 0),
(8813, 'ANDREA', 'ARGENTIERI', '3AMC', 0),
(8814, 'MANUELE', 'DELLA PORTA', '5AMC', 0),
(8815, 'NICOLO''', 'LONGOBARDO', '5AIN', 0),
(8818, 'LUCA', 'DI LAUDO', '5BMC', 0),
(8820, 'MICHELE', 'MORETTA', '5ACH', 0),
(8821, 'LUIGI', 'D''ERMILIO', '5BLS', 0),
(8822, 'FRANCESCO', 'GALLAVRESI', '5ALS', 0),
(8823, 'LUCA', 'DEL VECCHIO', '5BIN', 0),
(8825, 'GIUSEPPE', 'DI SANTO MORELLI', '5CLS', 0),
(8826, 'LUANA', 'BONTEMPO', '5ALS', 0),
(8829, 'SIMONE', 'MENNA', '5BMC', 0),
(8832, 'ROBERTA', 'MINICUCCI', '5BLS', 0),
(8837, 'ANGELA', 'PETRONE', '4ACH', 0),
(8838, 'DEBORAH', 'TROFINO', '4ACH', 0),
(8839, 'SIMONE', 'D''OVIDIO', '5AEL', 0),
(8840, 'GIANMARCO', 'DEL NERO', '5AIN', 0),
(8841, 'MARIO', 'D''ASCANIO', '5AMC', 0),
(8842, 'ANTONIO', 'POLISENA', '5BMC', 0),
(8844, 'LUCA', 'SANTORO', '5CLS', 0),
(8845, 'RAFFAELLA', 'FLORIO', '5BLS', 0),
(8848, 'LUCA', 'VALENTINI', '5BIN', 0),
(8849, 'GIOVANNI', 'DI GIACOMO', '5AIN', 0),
(8851, 'DAVIDE', 'ALFINI', '2CIN', 0),
(8852, 'PAOLO', 'BONTEMPO', '4AEL', 0),
(8853, 'CHRISTIAN', 'CAPRARO', '2AMC', 0),
(8855, 'DAVIDE', 'D''ANGELO', '3AEL', 0),
(8856, 'FRANCESCO PAOLO', 'DELLE DONNE', '2AEL', 0),
(8859, 'SIMONE', 'DI GREGORIO', '4AEL', 0),
(8860, 'FABRIZIO', 'DI SANTE', '4AEL', 0),
(8861, 'DOMENICO', 'FABRIZIO', '4AEL', 0),
(8862, 'GIUSEPPE NICOLA', 'FEMMINILLI', '4AEL', 0),
(8863, 'ALESSANDRO', 'FERRI', '4AEL', 0),
(8864, 'ANGELO', 'GRECO', '4AEL', 0),
(8865, 'DANILO', 'GRIGUOLI', '3AEL', 0),
(8866, 'MATTEO', 'LA VERGHETTA', '4AEL', 0),
(8868, 'FRANCESCO', 'MENNA', '4AEL', 0),
(8869, 'ARMANDO', 'MOLINO', '4AEL', 0),
(8870, 'ROBERTO', 'MONTURANO', '4AEL', 0),
(8871, 'GABRIELE', 'NATALE', '3AEL', 0),
(8872, 'ANGEL IVAN', 'PEDELHEZ', '4AEL', 0),
(8874, 'LORENZO', 'POTALIVO', '4AEL', 0),
(8875, 'ALESSANDRO', 'STAMPONE', '4AEL', 0),
(8876, 'CLAUDIO', 'VARALLI', '4AEL', 0),
(8877, 'NICOLAS', 'ALTIERI', '4ACH', 0),
(8878, 'MICHELE', 'BENVENGA', '4ACH', 0),
(8879, 'DIEGO', 'CIANCONE', '4ACH', 0),
(8880, 'GIUSEPPINA', 'CUPAIOLO', '4ACH', 0),
(8881, 'UMBERTO', 'DI DONATO', '4ACH', 0),
(8883, 'GIANLUCA', 'DI MATTEO', '4ACH', 0),
(8884, 'SARA', 'FERRARA', '4ACH', 0),
(8885, 'MARCO', 'FRANGIONE', '4ACH', 0),
(8887, 'SARA', 'LALLI', '4ACH', 0),
(8888, 'GIORGIA', 'LEONZIO', '4ACH', 0),
(8889, 'NICOLA', 'LIBERATORE', '3ACH', 0),
(8891, 'EMANUELE', 'MIGLIACCIO', '4AIN', 0),
(8892, 'FRANCESCO', 'PIANESE', '3ACH', 0),
(8893, 'FRANCESCA', 'PIVA', '4ACH', 0),
(8894, 'ANDREA', 'REALE', '4ACH', 0),
(8895, 'GIOVANNI', 'SCIARTILLI', '4ACH', 0),
(8897, 'CHRISTIAN', 'LAUDITI', '4ALS', 0),
(8898, 'GAETANO', 'BALZAMO', '4ALS', 0),
(8900, 'GIANMARCO', 'CARRISI', '4ALS', 0),
(8901, 'ROSA ERIKA', 'CRUDELE', '3BLS', 0),
(8902, 'LEONARDO', 'DI FOGLIO', '4ALS', 0),
(8903, 'FEDERICO', 'DI PAOLO', '3BLS', 0),
(8904, 'GIOVANNI', 'GALLUCCI', '3ALS', 0),
(8906, 'VALERICO', 'LACCETTI', '4ALS', 0),
(8907, 'ANTONIO', 'LANCI', '4ALS', 0),
(8909, 'SIMONE', 'MENICHETTI', '4ALS', 0),
(8911, 'VITTORIO', 'PEROZZI', '4ALS', 0),
(8913, 'NICOLA', 'TANA', '3ATR', 0),
(8914, 'PIERMARIO', 'ANGELINI', '4AIN', 0),
(8915, 'MATTEO GIANFILIPPO', 'ANTONAZZO', '3BIN', 0),
(8917, 'RICCARDO', 'BODANI', '3ATR', 0),
(8918, 'MICHELE', 'BOTTA', '4BIN', 0),
(8919, 'SAMUELE', 'BREVETTI', '4AIN', 0),
(8922, 'THOMAS', 'CROCE', '4BIN', 0),
(8923, 'FABIO', 'DI GIACOMO', '4AIN', 0),
(8924, 'ANDREA', 'DI LELLO', '4BIN', 0),
(8925, 'DANIELE', 'DI LUCIA', '4BIN', 0),
(8926, 'GIULIO', 'DI NINNI', '3ATR', 0),
(8927, 'MAURIZIO', 'DI TRENTO', '3ATR', 0),
(8928, 'JACOPO', 'DI TULLIO', '4AIN', 0),
(8929, 'DYLAN', 'DI VINCENZO', '4AIN', 0),
(8930, 'RAFFAELE', 'ERRICHIELLO', '4AIN', 0),
(8931, 'MARCO', 'FIORAVANTI', '4BIN', 0),
(8932, 'NICOLAS', 'FUSELLA', '4AIN', 0),
(8933, 'LUCA', 'GALANTE', '3ATR', 0),
(8934, 'MARCO', 'GALLO', '3AMC', 0),
(8935, 'PIERGIUSEPPE', 'MANES', '4AIN', 0),
(8937, 'ANTONIO', 'MASCILONGO', '3AIN', 0),
(8938, 'MICHAL', 'MITORAJ', '4BIN', 0),
(8939, 'ANTONJ EMMANUEL', 'MOSCARIELLO', '4BIN', 0),
(8940, 'ANTONIO', 'ORLANDO', '4AIN', 0),
(8942, 'FEDERICO JOSEPH', 'PANACKAL', '4AIN', 0),
(8943, 'MATTIA', 'PANESSA', '3AIN', 0),
(8944, 'ETTORE', 'PASCIULLO', '4BIN', 0),
(8946, 'SAMUELE', 'PETTI', '4BIN', 0),
(8947, 'GIUSEPPE', 'PROFETA', '4AIN', 0),
(8948, 'MICHELE', 'RATTA', '4BIN', 0),
(8949, 'LUCA', 'RICCIARDI', '4AIN', 0),
(8950, 'STEFANO', 'SHESTANI', '4BIN', 0),
(8953, 'MATTEO', 'TOMA', '4AIN', 0),
(8954, 'GUIDO EMANUELE', 'TORRICELLA', '4BIN', 0),
(8955, 'NICOLA', 'VITELLI', '4BIN', 0),
(8956, 'DANTE', 'BERARDI', '4BIN', 0),
(8957, 'MARTINA', 'APOLLONI', '4ALS', 0),
(8959, 'GIOELE', 'BEVILACQUA', '4ALS', 0),
(8960, 'GAETANO PIO', 'BUONTEMPO', '3BLS', 0),
(8961, 'CARLO', 'CILIBERTO', '4BLS', 0),
(8962, 'GIORGIA', 'CIRULLI', '3BLS', 0),
(8963, 'CHIARA', 'CUCCHERI', '4BLS', 0),
(8965, 'DANIELA', 'D''AURIZIO', '4BLS', 0),
(8966, 'GIACOMO', 'DE FRANCESCO', '4BLS', 0),
(8968, 'EMANUELE', 'DI FALCO', '4BLS', 0),
(8969, 'ROBERTO', 'DI FLORIO', '4BLS', 0),
(8971, 'MONICA', 'DI RITO', '4BLS', 0),
(8972, 'JACOPO', 'FARINA', '4BLS', 0),
(8973, 'ALESSIA', 'GRIMALDI', '4BLS', 0),
(8974, 'ALESSIA', 'LA VERGHETTA', '4BLS', 0),
(8975, 'ALESSIO GIULIO', 'MELCHIORRE', '4BLS', 0),
(8976, 'MARINA', 'PIEMONTESE', '4ACH', 0),
(8977, 'DIEGO', 'POLVERIGIANI', '4BLS', 0),
(8978, 'GIULIO', 'PRESENZA', '4BLS', 0),
(8979, 'EMILIA', 'ROSSI', '4BLS', 0),
(8980, 'THEO', 'ROSSI FINARELLI', '3BLS', 0),
(8981, 'LORENZA', 'SAVINI', '4BLS', 0),
(8982, 'BRENDA', 'SILLA', '4BLS', 0),
(8983, 'DAVIDE', 'SURIANO', '4BLS', 0),
(8984, 'GAIA', 'TENAGLIA', '4BLS', 0),
(8986, 'CHIARA ISOTTA', 'ZAMBIANCHI', '3BLS', 0),
(8988, 'LUCA', 'ALFIERI', '3AMC', 0),
(8992, 'NICOLAS', 'FALCITELLI', '4ATR', 0),
(8993, 'ALESSANDRO', 'LAURENZI', '4AMC', 0),
(8994, 'MARCO', 'MOLISANI', '4AEL', 0),
(8996, 'MASSIMILIANO', 'BENVENGA', '4AMC', 0),
(8998, 'CHRISTIAN', 'CANDIGLIOTA', '4AMC', 0),
(9002, 'MATTIA', 'CIAFARDINI', '4AMC', 0),
(9004, 'DAVIDE', 'D''ADDARIO', '4AMC', 0),
(9005, 'BOGDAN', 'DANCA', '4AMC', 0),
(9006, 'MIRCO', 'DI CANDIDO', '4AMC', 0),
(9007, 'FELISIA PIA', 'PELLICCIA', '4BLS', 0),
(9008, 'ROBERTA', 'ZOCARO', '4BLS', 0),
(9010, 'GIUSY', 'DI MARTINO', '4AMC', 0),
(9011, 'KEVIN', 'DI NOCCO', '2BMC', 0),
(9012, 'NICOLA', 'DI PIETRO', '4AMC', 0),
(9013, 'KEVIN', 'DI RENZO', '4AMC', 0),
(9014, 'MIRCO', 'DI VIRGILIO', '4ATR', 0),
(9015, 'MOUSSA', 'EL ALAMI', '4AMC', 0),
(9016, 'DAVIDE', 'FORZIN', '4AMC', 0),
(9017, 'MICHAEL', 'GANAU', '4AMC', 0),
(9019, 'YASSIN', 'LIBERATI', '2BIN', 0),
(9020, 'DAVIDE', 'MAGONI', '4ATR', 0),
(9021, 'ANTONIO', 'MARCHESANI', '4AMC', 0),
(9023, 'ANTONELLO', 'MOLISANI', '4AMC', 0),
(9024, 'LUCA', 'MONTE', '3ATR', 0),
(9025, 'MICHELE', 'LACANALE', '3AMC', 0),
(9026, 'ALESSIO', 'MORINI', '4AMC', 0),
(9027, 'DOMENICO', 'NATARELLI', '4AMC', 0),
(9029, 'GIUSEPPE', 'PELLICCIA', '4AMC', 0),
(9030, 'MATTEO', 'PICA', '4AMC', 0),
(9031, 'LUCA', 'PICCIRILLI', '4AMC', 0),
(9037, 'LUCA', 'DI PAOLO', '4ATR', 0),
(9038, 'FEDERICO', 'MUCCI', '3AEL', 0),
(9039, 'ALBERTO', 'BATTISTA', '4BLS', 0),
(9040, 'MARCO', 'BESCA', '3AMC', 0),
(9043, 'ALEXANDRU ANTON', 'BUTACU', '4AMC', 0),
(9044, 'FAUSTO', 'CASTELLANO', '4ALS', 0),
(9045, 'DANIEL', 'DI GREGORIO', '4AIN', 0),
(9046, 'EDUARD', 'D''UGO', '2AEL', 0),
(9048, 'LUIGI GABRIELE', 'POLLACE', '4BIN', 0),
(9049, 'ILARIA', 'CASTORIO', '4ALS', 0),
(9050, 'ALBERTO', 'CUPAIOLO', '4BLS', 0),
(9051, 'KEVIN', 'DI BATTISTA', '4BLS', 0),
(9053, 'FIORENZA', 'ZACCARDI', '4BLS', 0),
(9057, 'FEDERICA', 'SERAFINI', '4ALS', 0),
(9060, 'ANTHONY', 'PALENA', '5BMC', 0),
(9061, 'MATTEO', 'D''AGNILLO', '3ATR', 0),
(9062, 'ENNIO', 'ROMILIO', '4ATR', 0),
(9063, 'PENELOPE', 'MAURIZIO', '5CLS', 0),
(9067, 'YURI', 'ROMAGNOLI', '4ALS', 0),
(9068, 'ANDRIY', 'MARCHENKO', '5BIN', 0),
(9070, 'GIUSEPPE', 'CASTELLUCCIO', '3AMC', 0),
(9075, 'FRANCESCA', 'ESPOSITO', '3ACH', 0),
(9077, 'FRANCESCA', 'COLANZI', '3ACH', 0),
(9078, 'LORENZO', 'FABRIZIO', '2ACH', 0),
(9079, 'FEDERICA', 'IZZI', '3ACH', 0),
(9080, 'SARA', 'DE SANTIS', '3ACH', 0),
(9081, 'ANGELA', 'LIBBI', '3ACH', 0),
(9082, 'VALENTINA', 'ROSSI', '3ACH', 0),
(9083, 'SARA', 'DE FILIPPIS', '3ACH', 0),
(9084, 'AURORA', 'BEVILACQUA', '3ACH', 0),
(9085, 'SEVERINO', 'CANCI', '3ACH', 0),
(9086, 'KEVIN', 'MANFREDI', '3ACH', 0),
(9087, 'MATTEO', 'COLONNA', '3ACH', 0),
(9088, 'STEFANO', 'GABRIELE', '3ALS', 0),
(9089, 'ALBERTO', 'BRUNO', '3ACH', 0),
(9090, 'RICCARDO', 'MENNA', '3ACH', 0),
(9091, 'GINEVRA', 'PANDOLFI', '3ACH', 0),
(9092, 'MANUEL', 'RACCIATTI', '3BLS', 0),
(9093, 'GIOVANNI', 'DESIDERIO', '3ALS', 0),
(9094, 'LUCA', 'ALBANESE', '3ALS', 0),
(9095, 'GRETA GRAZIA', 'ANTENUCCI', '3BLS', 0),
(9096, 'GABRIELE PIO', 'BALDASSARRE', '3ALS', 0),
(9097, 'SAMUELE', 'CANE', '3ALS', 0),
(9098, 'SIMONE PIO', 'CAPITANEO', '3ALS', 0),
(9100, 'SERENA', 'CRISTINA', '3ALS', 0),
(9101, 'MICHELE', 'CIAVATTA', '3BLS', 0),
(9102, 'THOMAS', 'DI CHIELLO', '3ALS', 0),
(9103, 'GIUSEPPE PIO', 'DI CIANNO', '3ALS', 0),
(9105, 'STEFANO', 'DI TOTTO', '3ALS', 0),
(9106, 'ANGELO', 'DI ZILLO', '3ALS', 0),
(9107, 'ALESSIA', 'D''ORTONA', '3ALS', 0),
(9108, 'ELIA', 'GASPARI', '3ALS', 0),
(9109, 'MARIAN', 'IMBRISCA', '3ALS', 0),
(9110, 'MICHAEL', 'MANES', '3ALS', 0),
(9111, 'MATTEO', 'MANSO', '3AEL', 0),
(9112, 'UMBERTO', 'MARCHESANI', '3BLS', 0),
(9113, 'MICHELE', 'MONTEFERRANTE', '3ALS', 0),
(9115, 'DAMIANO', 'PASCUCCI', '3ALS', 0),
(9116, 'GIANMARIO', 'PERRUCCI', '3ALS', 0),
(9117, 'ANDREA', 'REALE', '3BIN', 0),
(9118, 'FRANCESCA', 'REALE', '3ALS', 0),
(9119, 'ALESSIO', 'ROSELLI', '2ALS', 0),
(9120, 'MARCO', 'ROSSI', '3ALS', 0),
(9121, 'GIUSEPPE', 'STIVALETTA', '3BLS', 0),
(9122, 'ENNIO', 'TORRICELLA', '3BLS', 0),
(9123, 'ALESSIA', 'ZAZA', '3ALS', 0),
(9124, 'ALICE', 'LANGELLA', '3BLS', 0),
(9125, 'ELENA', 'MARINO', '3BLS', 0),
(9126, 'MARCO', 'ANTONINO', '3BLS', 0),
(9127, 'MICHELE', 'MENNA', '3BLS', 0),
(9128, 'PARIDE', 'CROCE', '3BLS', 0),
(9129, 'ROBERTA', 'DI PINTO', '3BLS', 0),
(9130, 'ANTONIO', 'LATTANZIO', '3BLS', 0),
(9131, 'SAMUELE', 'VENTRELLA', '3BLS', 0),
(9132, 'GIUSEPPE', 'MACCIONE', '3BLS', 0),
(9133, 'GIOVANNI', 'DEL VILLANO', '3BLS', 0),
(9134, 'MICHELE', 'NOTARANGELO', '3BLS', 0),
(9135, 'SIMONE', 'MURAZZO', '3BLS', 0),
(9136, 'LUDOVICA', 'PICCIRILLI', '3BLS', 0),
(9137, 'FEDERICA', 'CINALLI', '3BLS', 0),
(9138, 'EMILIANO', 'LANDI', '3BLS', 0),
(9139, 'EMANUELE', 'CHINAIA', '2BIN', 0),
(9140, 'ELEONARDO', 'BAJRAMOVSKI', '3AIN', 0),
(9141, 'CHRISTIAN', 'IAROCCI', '2ACH', 0),
(9143, 'NICO', 'STAMPONE', '3ACH', 0),
(9144, 'IVAN', 'SIMBOLI', '2AIN', 0),
(9145, 'MANUEL DOMENICO', 'NANNI', '3ACH', 0),
(9146, 'DANIEL', 'MAGAGNANO', '2BIN', 0),
(9147, 'SIMONE', 'CORAZZA', '3BLS', 0),
(9149, 'ROBERTA', 'GIUSEPPETTI', '3AIN', 0),
(9150, 'LUCA', 'PIERI', '3AIN', 0),
(9151, 'GIANNI', 'NOZZI', '3AIN', 0),
(9152, 'GIUSEPPE LUCA', 'NATALINI', '3ACH', 0),
(9153, 'ANTONIO FRANCESCO', 'DI ROSSO', '3BIN', 0),
(9154, 'MATTEO', 'BRUNETTI', '3AIN', 0),
(9155, 'EDOARDO', 'IALACCI', '3AIN', 0),
(9156, 'VLADIC', 'CICCOTOSTO', '3AIN', 0),
(9157, 'EMILIANO', 'OCCHIONERO', '3BIN', 0),
(9158, 'LORENZO', 'DIELLA', '3AIN', 0),
(9161, 'FRANCESCO', 'FRASCA', '2BIN', 0),
(9162, 'MICHELE', 'CUPAIOLI', '3ATR', 0),
(9163, 'ALESSIO', 'CAVACINI', '3BIN', 0),
(9164, 'EMILIANO', 'CARULLI', '3AIN', 0),
(9165, 'ALESSANDRO', 'TURDO''', '3AIN', 0),
(9166, 'GIUSEPPE', 'STIVALETTA', '3ACH', 0),
(9167, 'GIUSEPPE', 'COSTANZO', '3AIN', 0),
(9169, 'ANDREA', 'CORDISCO', '2AIN', 0),
(9170, 'MORENA', 'CANDELORO', '3AIN', 0),
(9172, 'EMANUELE', 'DI VIRGILIO', '3ATR', 0),
(9173, 'GABRIEL', 'MASTROBERARDINO', '3ATR', 0),
(9174, 'NICOLA', 'TORRICELLA', '3AMC', 0),
(9175, 'ALESSIO', 'BERNARDOTTO', '3ATR', 0),
(9177, 'ANTONIO', 'FRANCHELLA', '3ATR', 0),
(9178, 'ALESSANDRO', 'VALENTINI', '3ATR', 0),
(9179, 'DOUGLAS MARCELO', 'SCARLATO', '3ATR', 0),
(9181, 'MATTIA', 'DI NELLA', '3ATR', 0),
(9182, 'ALESSIO', 'FEDELE', '3AMC', 0),
(9183, 'SILVIA', 'GIZZI', '3AIN', 0),
(9185, 'JURI', 'DI NOCCO', '3AMC', 0),
(9187, 'NICOLAS', 'NANNI', '3AMC', 0),
(9188, 'ALESSANDRO', 'CIERI', '3AMC', 0),
(9189, 'MARIANO', 'D''AMELIO', '3AMC', 0),
(9191, 'GIANLUIGI', 'SCACCIA', '2BMC', 0),
(9192, 'SIMONE', 'DI PIETRO', '3AMC', 0),
(9193, 'ANSELMO', 'GALLICI', '3AMC', 0),
(9194, 'ANTONIO', 'DIELLA', '3AMC', 0),
(9195, 'ALESSANDRO', 'ANTENUCCI', '3ACH', 0),
(9196, 'MATTIA', 'GIORGETTA', '3AMC', 0),
(9198, 'ANTHONY', 'PALMIERI', '3BIN', 0),
(9199, 'ANDREA', 'VESPASIANO', '2BMC', 0),
(9200, 'ALESSANDRO', 'MARINUCCI', '3AMC', 0),
(9202, 'MATTIA', 'PERRINA', '3AMC', 0),
(9203, 'GIULIANO', 'DI BIASE', '3AMC', 0),
(9204, 'PAOLO', 'PASCIULLO', '3AMC', 0),
(9205, 'ANDREI IONUT', 'PINTICANU', '2BMC', 0),
(9206, 'GIANDOMENICO', 'DI ROSSO', '3AEL', 0),
(9207, 'MARIO', 'VALERIO', '3AEL', 0),
(9208, 'MANUEL', 'GENOVA', '3AEL', 0),
(9209, 'MATTIA', 'DONATELLI', '3AEL', 0),
(9210, 'LORENZO', 'BORRELLI', '3AEL', 0),
(9211, 'PIERPAOLO', 'PICCOLI', '2BIN', 0),
(9212, 'GIUSEPPE', 'ANTENUCCI', '3AEL', 0),
(9213, 'ALESSIO', 'D''ANGELO', '3AEL', 0),
(9214, 'STEFANO', 'FARINA', '3AEL', 0),
(9215, 'SAMUELE', 'MARIANACCIO', '3AEL', 0),
(9216, 'ANDREA', 'TARTAGLIA', '3AEL', 0),
(9218, 'GIULIO', 'GIANNINI', '3AEL', 0),
(9219, 'GIOVANNI', 'DELLE DONNE', '3AEL', 0),
(9221, 'STEFANO', 'MONACO', '3AEL', 0),
(9222, 'ALESSIO', 'SURIANO', '3AEL', 0),
(9223, 'ELIANA', 'IRRIGATI', '3ACH', 0),
(9224, 'ALEX', 'MASTROBERARDINO', '3ATR', 0),
(9225, 'ANTONIO', 'DELLI BERGOLI', '3AIN', 0),
(9226, 'GIUSEPPE', 'DI PAOLO', '3ACH', 0),
(9227, 'DENNIS', 'PAGLIARELLA', '5BLS', 0),
(9228, 'FABRIZIO', 'SERAFINI', '3BLS', 0),
(9231, 'STEFANO', 'ROMILIO', '5AEL', 0),
(9232, 'ANTONIO LUIGI', 'CINQUINA', '4AMC', 0),
(9234, 'GIOVANNI', 'DISPOTO', '5BIN', 0),
(9235, 'MATTEO', 'MARCIANO', '3AEL', 0),
(9237, 'ENRICO', 'MONTE', '5BLS', 0),
(9238, 'ALESSANDRA', 'DI SANTO', '3ACH', 0),
(9240, 'FRANCESCA', 'PERISCINOTTI', '4ALS', 0),
(9242, 'VIVIANA', 'IACOVITTI', '4ALS', 0),
(9244, 'SILVIO', 'PETRORO', '5ALS', 0),
(9245, 'REMY BONNAVENTURE', 'MARCIANO', '5ALS', 0),
(9246, 'GUIDO', 'LA GUARDIA', '3AIN', 0),
(9249, 'SARA', 'COLECCHIA', '3ALS', 0),
(9250, 'GIOVANNI', 'DI PARDO', '3BLS', 0),
(9252, 'CARLO', 'MORRONE', '5CLS', 0),
(9254, 'NICOLA', 'LA PALOMBARA', '5CLS', 0),
(9256, 'GIACOMO', 'MARCHESANI', '5CLS', 0),
(9258, 'ALESSANDRA', 'D''ANGELO', '3ACH', 0),
(9261, 'LORIS', 'PAGLIALUNGA', '2ALS', 0),
(9262, 'GIUSEPPE', 'MENNA', '2ALS', 0),
(9263, 'ALESSIA, MARIA', 'ANTENUCCI', '2ACH', 0),
(9264, 'ANDREA', 'ALFINI', '2ACH', 0),
(9265, 'GIUSEPPE', 'CICCHINI', '2ACH', 0),
(9267, 'FABER', 'D''ANNUNZIO', '2ACH', 0),
(9268, 'ANTONIO NICCOLO''', 'DE CRISTOFARO', '2ACH', 0),
(9269, 'PIERPAOLO', 'DELLA MORTE', '2ACH', 0),
(9270, 'FEDERICA', 'DI PIETRANTONIO', '2ACH', 0),
(9271, 'LUIGI', 'DRAGONETTI', '2ACH', 0),
(9272, 'MICHELE', 'FRANGIONE', '2ACH', 0),
(9273, 'SAMUELE', 'LONGOBARDO', '2ACH', 0),
(9275, 'FRANCESCO', 'MEO', '2ACH', 0),
(9276, 'MATTEO', 'MENNA', '2ACH', 0),
(9277, 'DANIELE', 'MICUCCI', '2ACH', 0),
(9278, 'SIMONE', 'PALMISCIANO', '2ACH', 0),
(9279, 'ANDREA', 'SORRENTINO', '2ACH', 0),
(9280, 'ERIKA', 'TANA', '2ACH', 0),
(9281, 'VALENTINO', 'SANTILLI', '2ACH', 0),
(9282, 'DARIO', 'SARCHIONE', '2ACH', 0),
(9283, 'MARIO', 'SCARPONE', '1ACH', 0),
(9284, 'ROBERT ADRIAN', 'STANCIU', '2CIN', 0),
(9285, 'DANILO CARLO', 'TROFINO', '2ACH', 0),
(9286, 'CHRISTIAN', 'VISCIANO', '2ACH', 0),
(9287, 'ANDREA', 'FARINA', '2ATR', 0),
(9288, 'SIMONE', 'BOZZELLA', '2AEL', 0),
(9289, 'LUCA', 'CASSONE', '1CIN', 0),
(9290, 'DANILO', 'CERELLI', '2AEL', 0),
(9291, 'ARMANDO', 'COCO', '2AEL', 0),
(9292, 'LUCA', 'D''ALOISIO', '2AMC', 0),
(9293, 'VINCENZO', 'DAMIANO', '2AEL', 0),
(9294, 'GIUSEPPE', 'DANIELE', '2AEL', 0),
(9295, 'IMAD', 'ERRAGH', '2AEL', 0),
(9296, 'LUIGI', 'GENOVA', '1ET', 0),
(9297, 'FRANCESCO', 'GIOVINE', '2AEL', 0),
(9298, 'FEDERICO', 'LAVACCA', '2AEL', 0),
(9299, 'MIRCO', 'LEONE', '2BLS', 0),
(9300, 'EMANUELE', 'MAIORI', '2AEL', 0),
(9302, 'DINO', 'MONACO', '1ET', 0),
(9303, 'MATTEO', 'NINNI', '2AEL', 0),
(9304, 'FABIO', 'RANIERI', '2AEL', 0),
(9305, 'FRANCESCO', 'D''AMBROSIO', '2AMC', 0),
(9306, 'VINCENZO', 'FRASCARIA', '2CLS', 0),
(9307, 'GIUSEPPE', 'CIPOLLONE', '1AIN', 0),
(9311, 'NICHOLAS', 'COSTANTINI', '2AMC', 0),
(9312, 'MASSIMO', 'FINARELLI', '2AMC', 0),
(9313, 'LUCA', 'NINNI', '2AMC', 0),
(9314, 'DOMENICO', 'PACHIOLI', '2BMC', 0),
(9315, 'DAVIDE', 'DI SILVIO', '2BMC', 0),
(9316, 'LORENZO', 'MEO', '2AMC', 0),
(9317, 'GIUSEPPE', 'SUERO', '2AMC', 0),
(9318, 'ALEX', 'DEL GESSO', '2BMC', 0),
(9319, 'LUIGI', 'SALLESE', '2AMC', 0),
(9320, 'ANDREA', 'BARTOLINO', '2BMC', 0),
(9321, 'NICOLA', 'AQUILINO', '2BMC', 0),
(9322, 'ALESSIO', 'MARCIANO', '2AMC', 0),
(9323, 'JACOPO', 'LALLI', '2AMC', 0),
(9324, 'LEONARDO', 'DI GIULIO', '2AEL', 0),
(9325, 'SIMONE', 'MANFREDI', '2AMC', 0),
(9326, 'MARCO', 'MONDELLO', '2BMC', 0),
(9327, 'ORAZIO', 'SPINA', '2AMC', 0),
(9328, 'SIMONE', 'MARCHESANI', '2AMC', 0),
(9329, 'ANTONIO', 'FABRIZIO', '2BMC', 0),
(9330, 'ERNESTO', 'RANIERI', '2AMC', 0),
(9331, 'YOUNESS', 'LAAOUINE', '2BMC', 0),
(9332, 'LUCA', 'DI VINCENZO', '2AMC', 0),
(9333, 'CARMINE', 'MARCHESANI', '2AMC', 0),
(9334, 'ALBERTO', 'SAMBROTTA', '2BIN', 0),
(9335, 'SIMONE', 'CUPAIOLO', '2ATR', 0),
(9336, 'GIOVANNI', 'LUCARELLI', '1AMC', 0),
(9337, 'ANTHONY', 'PALERMO', '1AMC', 0),
(9338, 'ALESSIO', 'PICCIRILLI', '1ET', 0),
(9340, 'GINO', 'POMPONIO', '2ATR', 0),
(9342, 'LORENZO', 'SAMBROTTA', '2AMC', 0),
(9343, 'CHRISTIAN', 'BEVILACQUA', '2AEL', 0),
(9344, 'KEVIN', 'VALENTINI', '2BMC', 0),
(9345, 'DOMENICO', 'DE ROSA', '2ATR', 0),
(9346, 'MATTIA', 'IURESCIA', '2ATR', 0),
(9347, 'LUIGI', 'SANTINI', '1ET', 0),
(9348, 'FRANCESCO', 'FARINA', '1ET', 0),
(9349, 'LORENZO', 'CUNICELLA', '2ATR', 0),
(9350, 'FEDERICO', 'GRIMALDI', '2ATR', 0),
(9351, 'MATTEO', 'POMPONIO', '2ATR', 0),
(9352, 'OSCAR', 'BEVILACQUA', '2ALS', 0),
(9353, 'CLARA MARIAGILDA', 'RUZZI', '2ALS', 0),
(9354, 'CHRISTIAN', 'MARCHESANI', '2ALS', 0),
(9355, 'JOSEPH', 'DEL RE', '2ALS', 0),
(9356, 'SOPHIE', 'DI STEFANO', '2ALS', 0),
(9357, 'DALILA', 'ORLANDO', '2CLS', 0),
(9358, 'ALESSIO', 'PUCZI', '2ALS', 0),
(9359, 'FRANCESCO', 'CIERI', '2ALS', 0),
(9360, 'LAURA', 'DE LUCA', '2ALS', 0),
(9361, 'TIZIANO', 'CRISANTE', '2ALS', 0),
(9362, 'ALESSIO', 'MARCHESANI', '2ALS', 0),
(9363, 'ALICE', 'GASPARI', '2ALS', 0),
(9364, 'STEFANO', 'BALZAMO', '2BLS', 0),
(9365, 'MARCO', 'MORETTI', '2ALS', 0),
(9366, 'GIULIA', 'COVELLI', '2ALS', 0),
(9367, 'VALENTINA', 'MAROCCO', '2ALS', 0),
(9368, 'CRISTINA', 'MEO', '2ACH', 0),
(9369, 'ANDREA', 'MORETTA', '2ALS', 0),
(9370, 'NICOLAS', 'PETTA', '2CLS', 0),
(9371, 'FRANCESCA', 'MARZULLI', '2BLS', 0),
(9372, 'CRISTIAN', 'DEL VECCHIO', '2BLS', 0),
(9374, 'MATTIA', 'TERRERI', '2AIN', 0),
(9375, 'FRANCESCO EVAN REY', 'DI CANDILO', '2BIN', 0),
(9376, 'LORENZO ANTONIO', 'LA VERGHETTA', '2BIN', 0),
(9377, 'DAVIDE', 'DI PASQUALE', '2CIN', 0),
(9378, 'KRISTIAN', 'GATTO', '2CIN', 0),
(9379, 'MATTEO', 'CRUGNALE', '2CIN', 0),
(9380, 'LUCA', 'PONTEGGI', '2CIN', 0),
(9381, 'VALERIO', 'MARCHETTI', '2AIN', 0),
(9382, 'ANDREA', 'SERAFINI', '2AIN', 0),
(9383, 'ALESSANDRO', 'TIERI', '2CIN', 0),
(9384, 'SILVANO', 'DI FONZO', '2CIN', 0),
(9385, 'VLAD COSTANTIN', 'MIHAL', '2AIN', 0),
(9387, 'MANUEL', 'LAZZARO', '2BIN', 0),
(9388, 'NOEMI', 'MORETTI', '2CIN', 0),
(9389, 'ALESSANDRO', 'MARTONE', '2BIN', 0),
(9390, 'MANUEL', 'QUINTILIANI', '1BIN', 0),
(9391, 'SALVATORE', 'CARROZZO', '2BIN', 0),
(9392, 'RICCARDO', 'SACCHETTI', '2BIN', 0),
(9393, 'MICHELE', 'PERRONE', '1BIN', 0),
(9395, 'MANUEL', 'DI NARDO', '1AIN', 0),
(9396, 'FRANCESCA MARIALUISA', 'MARCHESANI', '2BIN', 0),
(9397, 'FIORENZO', 'TITTAFERRANTE', '2AIN', 0),
(9398, 'MANUEL', 'DEL CASALE', '2BIN', 0),
(9399, 'MIHAI EUSEBIU', 'TRIFAN', '2AIN', 0),
(9400, 'GIORGIO', 'PICCIRILLI', '2ALS', 0),
(9401, 'DANIELE', 'NANNI CIRULLI', '2BIN', 0),
(9402, 'GABRIEL', 'MEMMA', '2AIN', 0),
(9403, 'PIERFERDINANDO', 'SMARGIASSI', '1CIN', 0),
(9404, 'LUIGI', 'DI RISIO', '2AIN', 0),
(9405, 'RICCARDO', 'D''ADDARIO', '2CIN', 0),
(9406, 'FRANCESCO', 'IEZZI', '2AIN', 0),
(9407, 'DAMIANO', 'DI TULLIO', '2CIN', 0),
(9408, 'LORENZO', 'VITELLI', '2AIN', 0),
(9409, 'FRANCESCO', 'D''AGOSTO', '2AIN', 0),
(9410, 'ANDREA', 'DICIOLLA', '2CIN', 0),
(9411, 'RICCARDO', 'GIORGETTA', '2ALS', 0),
(9412, 'DAVIDE SERAFINO', 'D''ALESSANDRO', '2BIN', 0),
(9413, 'ELIANO ALFONSO', 'PAGANELLI', '2CIN', 0),
(9414, 'FRANCESCO', 'D''ALOISIO', '2CLS', 0),
(9415, 'UMBERTO', 'CARLUCCI', '2BIN', 0),
(9416, 'GIUSEPPE', 'OTTAVIANO', '2CIN', 0),
(9417, 'GIANNI', 'MARIANACCI', '2BIN', 0),
(9418, 'ALEX', 'DI GUILMI', '2AIN', 0),
(9419, 'MATTEO', 'D''OTTAVIO', '2AIN', 0),
(9420, 'ANTONIO', 'D''OTTAVIO', '2AIN', 0),
(9421, 'LORENZO', 'ANTENUCCI', '2BIN', 0),
(9422, 'ALESSANDRO', 'SORIANO', '2BIN', 0),
(9424, 'GIANLUIGI', 'DI FABIO', '2BIN', 0),
(9425, 'FRANCESCO', 'D''AMBROSIO', '2CIN', 0),
(9426, 'ANDREA', 'MARINO', '2CIN', 0),
(9427, 'LUCA', 'D''ALESSANDRO', '2CIN', 0),
(9428, 'MARIO', 'TADDEO', '2CIN', 0),
(9429, 'FRANCESCO', 'PESSOLANO', '1CIN', 0),
(9430, 'MASSIMILIANO', 'DI STEFANO', '2AEL', 0),
(9431, 'VLAD FLORIN', 'ROXIN', '2BIN', 0),
(9432, 'LUCA', 'CHIAVAROLI', '2AIN', 0),
(9441, 'MARCO', 'PELLEGRINI', '4ALS', 0),
(9442, 'GIUSEPPE', 'CANDELORO', '3BLS', 0),
(9443, 'KENIA', 'NANNI', '3BIN', 0),
(9446, 'ALEX', 'MAIOCCO', '4ATR', 0),
(9447, 'SAMUELE', 'TRAVAGLINI', '1ET', 0),
(9448, 'ROBERTO', 'DI GIACOMO', '1ET', 0),
(9449, 'ANTONIO', 'DEL BORRELLO', '2AEL', 0),
(9450, 'MANUEL', 'GRIMALDI', '2AEL', 0),
(9451, 'ANDREA', 'SALLESE', '2AEL', 0),
(9452, 'MATTEO', 'DI TELLA', '2BMC', 0),
(9453, 'LORENZO', 'TASCONE', '2AMC', 0),
(9454, 'ANTONIO', 'ACQUAROLA', '2BLS', 0),
(9455, 'MICHELE', 'CAFARO', '2BLS', 0),
(9456, 'JACOPO', 'CAPRARA', '2BLS', 0),
(9457, 'CIRO', 'CAPUTO', '2BLS', 0),
(9458, 'DAVIDE', 'DE GUGLIELMO', '2BLS', 0),
(9459, 'SARA', 'DIGILIO', '2BLS', 0),
(9460, 'ELEONORA', 'FIORITI', '2BLS', 0),
(9461, 'FRANCESCO', 'PAVIA', '2BLS', 0),
(9462, 'GIULIA', 'POMPONIO', '2BLS', 0),
(9463, 'MICHELE', 'SABATINI', '2BLS', 0),
(9464, 'CHIARA', 'SALVATORE', '2BLS', 0),
(9465, 'NICOLA', 'SARACENI', '2BLS', 0),
(9466, 'DAVIDE', 'STAMPONE', '2BLS', 0),
(9467, 'ADRIANA', 'SURIANO', '2ATR', 0),
(9469, 'GILDA', 'TITTAFERRANTE', '2BLS', 0),
(9470, 'LUCA', 'TRENTALANGE', '2BLS', 0),
(9471, 'ANTONIO', 'ARGENTIERI', '2CLS', 0),
(9472, 'CHIARA', 'BATTISTA', '2CLS', 0),
(9473, 'NOEMI', 'BURRACCHIO', '2CLS', 0),
(9474, 'MATTIA', 'CIMINI', '2CLS', 0),
(9475, 'PIETRO', 'CUPAIOLO', '2CLS', 0),
(9476, 'MELISSA', 'D''ADDAMIO', '2CLS', 0),
(9477, 'FLAVIA', 'DARIO', '2CLS', 0),
(9478, 'FERNANDO', 'FANARO', '2ALS', 0),
(9479, 'LORENZA', 'GATTA', '2CLS', 0),
(9480, 'PAMELA', 'GIULIANI', '2CLS', 0),
(9481, 'FRANCESCO', 'LEONE', '2CLS', 0),
(9483, 'LUCA', 'MARTELLI', '2CLS', 0),
(9484, 'GABRIELE', 'MELCHIORRE', '2CLS', 0),
(9485, 'MARIANO', 'OTTAVIANI', '2CLS', 0),
(9486, 'ANDREA', 'SURIANI', '2CLS', 0),
(9487, 'DIEGO', 'VETTA', '2CLS', 0),
(9488, 'GIACOMO', 'ANTENUCCI', '2AMC', 0),
(9489, 'ILARIA', 'BERARDUCCI', '2ALS', 0),
(9490, 'MARCO', 'DEL PAPA', '2ALS', 0),
(9491, 'FEDERICO CARMINE', 'DI NINNI', '2ALS', 0),
(9492, 'SIMONE', 'SILVESTRI', '2ALS', 0),
(9493, 'FEDERICO', 'ZOCARO', '2ALS', 0),
(9494, 'MARINA', 'OLTREMONTE', '2CIN', 0),
(9495, 'DALILA', 'CIAMPOLI', '2BIN', 0),
(9496, 'NICOLA', 'MARCELLO', '2AIN', 0),
(9498, 'SERENA', 'IANNANTUONI', '2ACH', 0),
(9499, 'LUCA', 'TRISCIUOGLIO', '3ATR', 0),
(9500, 'NANDO', 'DI RISIO', '2BMC', 0),
(9503, 'LORENZO', 'PICCIRILLI', '2CIN', 0),
(9504, 'NICOLAS', 'CUPAIOLI', '2BLS', 0),
(9505, 'DAVID', 'VERSAVIA', '2BMC', 0),
(9507, 'ERIKA', 'D''ALOISIO', '4ACH', 0),
(9508, 'MAROUANE', 'DAHOU', '4ATR', 0),
(9509, 'GABRIELE', 'DESIATO', '4ATR', 0),
(9510, 'BENEDETTA', 'GALANTE', '4ALS', 0),
(9511, 'FRANCESCA', 'SMARGIASSI', '3ALS', 0),
(9512, 'IVAN', 'VOLPE', '3BIN', 0),
(9513, 'LORENZO', 'CIOCCIA', '2AIN', 0),
(9514, 'GIUSEPPE', 'DI MARIO', '2CLS', 0),
(9515, 'SEBASTIANO', 'ACQUAROLA', '1ACH', 0),
(9516, 'MATTIA', 'ALESSANDRINI', '1ACH', 0),
(9517, 'EMANUELE', 'ANTENUCCI', '1ET', 0),
(9518, 'DOMENICO', 'BELFIORE', '1ET', 0),
(9519, 'SARA', 'BENEDETTO', '1ACH', 0),
(9520, 'LORENZO', 'BENVENGA', '1ACH', 0),
(9521, 'LORIS', 'BERARDUCCI', '1ET', 0),
(9522, 'MARCO', 'BOSCHETTI', '1CIN', 0),
(9523, 'PAOLO', 'BRUNO', '1ACH', 0),
(9524, 'MARCO', 'CALVANO', '1ET', 0),
(9525, 'CHRISTIAN', 'CARDELLINI', '1ET', 0),
(9526, 'ANTONIO', 'CARLUCCI', '1ACH', 0),
(9527, 'LUCREZIA', 'CHINNI', '1ACH', 0),
(9528, 'DANILA CARMEN', 'CHIODI', '1ACH', 0),
(9529, 'PAOLO', 'CICCARELLI', '1ACH', 0),
(9530, 'CLAUDIO', 'CICCOTOSTO', '1AMC', 0),
(9531, 'SIMONE', 'CIFFOLILLI', '1ACH', 0),
(9532, 'VALERIO', 'COLAMARINO', '1AMC', 0),
(9533, 'MARCO', 'COLONNA', '1ET', 0),
(9534, 'PARIDE', 'CONFALONE', '1ACH', 0),
(9535, 'CESARE GABRIELE', 'D''ADAMO', '1ET', 0),
(9536, 'LORIS', 'D''ADDAMIO', '1CIN', 0),
(9537, 'LORENZO', 'D''AULERIO', '1AMC', 0),
(9538, 'MATTEO', 'DEL BONIFRO', '1AMC', 0),
(9539, 'GIUSEPPE', 'DI BLASIO', '1AMC', 0),
(9540, 'MICHELE', 'DI BLASIO', '1AMC', 0),
(9542, 'LINA', 'DI CROCE', '1ACH', 0),
(9543, 'ALEX', 'DI FABIO', '1ACH', 0),
(9544, 'LUCA', 'DI FRANCESCO', '1AMC', 0),
(9545, 'MIRKO', 'DI GIACOMO', '1CIN', 0),
(9546, 'DAVIDE', 'DI MATTEO', '1ET', 0),
(9547, 'GIUSEPPE', 'DI RENZO', '1AMC', 0),
(9548, 'MARCO', 'DI RENZO', '1ET', 0),
(9549, 'IVAN', 'ESPOSITO', '1AMC', 0),
(9550, 'SALVATORE', 'FABRIZIO', '1ACH', 0),
(9551, 'LORENZO', 'FANTASIA', '1AMC', 0),
(9552, 'DANTE', 'FAVORITO', '1AMC', 0),
(9553, 'LORENZO', 'FERRI', '1ET', 0),
(9554, 'ANTONIO', 'FIORE', '1AMC', 0),
(9555, 'MICHELE', 'GENTILE', '1AMC', 0),
(9556, 'CHRISTIAN', 'GRECO', '1ET', 0),
(9557, 'DAVIDE', 'LOZZI', '1AMC', 0),
(9558, 'CHIARA', 'LUCCI', '1ACH', 0),
(9559, 'FRANCESCO PAOLO', 'MANCINI', '1ACH', 0),
(9560, 'LAURA', 'MARTIS', '1ACH', 0),
(9562, 'LUIGI', 'MURATORE', '1AMC', 0),
(9563, 'MICHELE', 'NOCCIOLINO', '1ET', 0),
(9565, 'RICCARDO', 'OTTAVIANO', '1AMC', 0),
(9566, 'VALERIO', 'PALMUCCI', '1CIN', 0),
(9567, 'LUCA', 'PETROCCO', '1AMC', 0),
(9568, 'GIUSEPPE', 'PIETROPAOLO', '1ET', 0),
(9569, 'FRANCO', 'RAIMONDI', '1ACH', 0),
(9570, 'GAIA MARIA', 'ROSSI', '1ACH', 0),
(9571, 'VALENTINO', 'ROSSI', '1AMC', 0),
(9572, 'LAURA', 'SALVATORE', '1ACH', 0),
(9573, 'ANTONIO', 'SILVESTRI', '1ET', 0),
(9574, 'MANUEL', 'SILVESTRI', '1AMC', 0),
(9575, 'CRISTIAN', 'SORGETTI', '1AMC', 0),
(9576, 'THOMAS', 'SPARVIERI', '1AMC', 0),
(9577, 'MATTEO', 'SURIANO', '1AMC', 0),
(9578, 'DANIEL EMANUELE', 'TASCIONE', '1ACH', 0),
(9580, 'VERONICA', 'VALENTINI', '1ACH', 0),
(9581, 'ALESSIO', 'VESPASIANO', '1ET', 0),
(9582, 'ANTONIO', 'RIOLO', '1ACH', 0),
(9583, 'ALESSANDRO', 'CARDILLO', '1ET', 0),
(9585, 'VALERIO', 'DESIATI', '2AIN', 0),
(9586, 'ALEXANDRU EZECHEL', 'ANGHEL', '1AIN', 0),
(9588, 'ERIK', 'BUDA', '1CIN', 0),
(9590, 'GIUSEPPE MANUEL', 'FOSCHINI', '1AIN', 0),
(9591, 'CRISTIANA', 'DI PENTA', '1AIN', 0),
(9594, 'UMBERTO', 'CAPRARO', '1CIN', 0),
(9595, 'LUCA', 'CICCHINI', '3ACH', 0),
(9596, 'STEFANO', 'PAPARELLA', '3AMC', 0),
(9597, 'EUGENIO JACOPO', 'D''ASCENZO', '3ACH', 0),
(9598, 'VALENTINA', 'CARBONETTI', '4ALS', 0),
(9599, 'MANUEL', 'D''ADAMO', '3ACH', 0),
(9600, 'DANILO', 'DEL CASALE', '1BLS', 0),
(9601, 'LORENZO', 'CELENZA', '1BLS', 0),
(9603, 'YUSRA', 'HAFDI', '1AIN', 0),
(9605, 'FLORIN', 'IORDACHE', '2AMC', 0),
(9606, 'LUCA', 'DI CANDILO', '3BIN', 0),
(9607, 'ANGELO', 'BASSANO', '2AMC', 0),
(9608, 'NIKITA', 'KAMORGIN', '2CIN', 0),
(9609, 'GIOVANNI', 'ALTIERI', '1BIN', 0),
(9610, 'FEDERICO', 'ANTENUCCI', '1CIN', 0),
(9611, 'FILIPPO', 'ANTENUCCI', '1CIN', 0),
(9612, 'PIERMARIO', 'ANTENUCCI', '1AMC', 0),
(9613, 'SIMONE', 'ANTENUCCI', '1BIN', 0),
(9614, 'ALEXANDRU', 'BABII', '1AIN', 0),
(9615, 'ALESSIO', 'BARONE', '1ALS', 0),
(9616, 'GIOVANNI', 'BERNARDUCCI', '1BIN', 0),
(9617, 'FABRIZIO', 'BEVILACQUA', '1ALS', 0),
(9618, 'VLADUT IONUT', 'BOBEICA', '1AIN', 0),
(9619, 'LUCA', 'BOCCONGELLI', '1AMC', 0),
(9620, 'JACOPO DECOROSO', 'BOSCHETTI', '1CIN', 0),
(9621, 'ULISSE', 'BOSCHETTI', '1BLS', 0),
(9622, 'CALOGERO', 'CARLINO', '1ALS', 0),
(9623, 'MICHELE ANTONIO', 'CERASALE', '1CIN', 0),
(9624, 'CLAUDIA', 'CICCHINI', '1ALS', 0),
(9625, 'GIOVANNI', 'CICCHINI', '1CIN', 0),
(9626, 'SERENA', 'CLEMENTE', '1BLS', 0),
(9627, 'ALESSIO', 'COMPAROZZI', '1ALS', 0),
(9628, 'DAVIDE', 'CORDISCO', '1BIN', 0),
(9629, 'MARCO', 'CROCE', '1BIN', 0),
(9631, 'MICHELANGELO', 'D''ADAMO', '1ALS', 0),
(9632, 'ANDREA NICOLA', 'D''ALESSANDRO', '1CLS', 0),
(9634, 'GIUSEPPE', 'D''ANNUNZIO', '1BIN', 0),
(9635, 'STEFANO', 'D''ASCENZO', '1AIN', 0),
(9636, 'ALEX', 'D''AULERIO', '1AIN', 0),
(9637, 'GABRIELE', 'D''ERCOLE', '1BIN', 0),
(9638, 'DANILO', 'DANZI', '1AIN', 0),
(9639, 'ANTONIO', 'DE BIASE', '1ET', 0),
(9640, 'FRANCESCO', 'DE CECCO', '1BIN', 0),
(9641, 'LORENZO', 'DEL BORRELLO', '1CIN', 0),
(9642, 'ALESSANDRO', 'DEL CASALE', '1ALS', 0),
(9643, 'DAVIDE', 'DEL CASALE', '1BIN', 0),
(9644, 'CHIARA MORENA', 'DEL RE', '1CLS', 0),
(9645, 'ANDREA', 'DI CICCO', '1BIN', 0),
(9647, 'MARCELLO', 'DI FALCO', '1BLS', 0),
(9648, 'NICOLA', 'DI FRANCESCO', '1AIN', 0),
(9649, 'MARTINA', 'DI GIACOMO', '1ALS', 0),
(9650, 'LEROY', 'DI GIULIO', '1ALS', 0),
(9652, 'DINO', 'DI NUNZIO', '1AIN', 0),
(9653, 'ALESSANDRO', 'DI PAOLO', '1BIN', 0),
(9654, 'MASSIMILIANO', 'DI PAOLO', '1BLS', 0),
(9655, 'DANIELE', 'DI PARDO-DI CAMILLO', '1BIN', 0),
(9656, 'ILARIA', 'DI RISIO', '1BLS', 0),
(9657, 'LORENZO', 'DI ROSSO', '1CLS', 0),
(9658, 'NICOLA', 'DI ROSSO', '1CIN', 0),
(9659, 'FABIANA', 'DI SILVIO', '1CLS', 0),
(9660, 'ALESSANDRO', 'DI TANNA', '1BIN', 0),
(9661, 'ALESSANDRO', 'DI TULLIO', '1CLS', 0),
(9662, 'DAVIDE ENRICO', 'FABRIZIO', '1ALS', 0),
(9663, 'SARA', 'FARINA', '1BLS', 0),
(9664, 'MARIO', 'FERRANTE', '1BLS', 0),
(9665, 'SEMUEL', 'FIOCCARDI', '1BIN', 0),
(9666, 'LUCA', 'FLORIO', '1BIN', 0),
(9667, 'ALESSANDRO', 'GALANTE', '1CIN', 0),
(9668, 'FEDERICA', 'GALIZIA', '1BLS', 0),
(9669, 'CHRISTIAN', 'GIAMPAGLIA', '1ET', 0),
(9670, 'CLAUDIO', 'GIORGETTA', '1AIN', 0),
(9671, 'ALESSIA', 'GRANATA', '1BLS', 0),
(9672, 'SILVIA', 'GRANATA', '1CLS', 0),
(9673, 'ALESSIO', 'GRAZIANI', '1ALS', 0),
(9674, 'SARA', 'GRIMALDI', '1CLS', 0),
(9675, 'ERIKA', 'GUALTIERI', '1AIN', 0),
(9676, 'SIMONE', 'LA PALOMBARA', '1CLS', 0),
(9677, 'SOFIA', 'LA PALOMBARA', '1BLS', 0),
(9678, 'LORENZO', 'LAUDADIO', '1ALS', 0),
(9679, 'GAETANO', 'LELLA', '1CIN', 0),
(9680, 'NICOLO''', 'MACCIONE', '1AIN', 0),
(9681, 'MARCO', 'MARINARO', '1CLS', 0),
(9682, 'DAMIANO', 'MARZOCCHETTI', '1ALS', 0),
(9683, 'ARIANNA', 'MASCETRA', '1CLS', 0),
(9685, 'LORENZO', 'MASTRANGELO', '1ALS', 0),
(9686, 'STEFANO', 'MEDICO', '1CLS', 0),
(9687, 'MATTEO', 'MENNA', '1BIN', 0),
(9688, 'FRANCESCO', 'MONACHETTI', '1ALS', 0),
(9689, 'MATTEO', 'MONACO', '1AIN', 0),
(9690, 'LUIGI', 'MOSCUFO', '1AIN', 0),
(9691, 'NICOLA', 'NATALE', '1ALS', 0),
(9692, 'FRANCESCO PIO', 'NINIVAGGI', '1AIN', 0),
(9693, 'MARIA ANTONIETTA', 'NOVELLI', '1ALS', 0),
(9694, 'DANIELE', 'PAGANO', '1AIN', 0),
(9695, 'CECILIA ENRICHETTA', 'PALESE', '1CLS', 0),
(9696, 'RICCARDO', 'PALMER', '1CLS', 0),
(9697, 'FRANCESCO', 'PAOLINI', '1BIN', 0),
(9698, 'VALERIO', 'PAVAN', '1BLS', 0),
(9699, 'GIANPAOLO', 'PEPE', '1ALS', 0),
(9700, 'MATTEO', 'PERICOLI', '1CLS', 0),
(9701, 'GIORGIA', 'PESCHETOLA', '1BLS', 0),
(9702, 'GIUSEPPE', 'PETRONE', '1BLS', 0),
(9703, 'ALESSANDRO', 'PETRORO', '1CLS', 0),
(9704, 'TAMARA', 'PEZZOTTA', '1CLS', 0),
(9706, 'CIPRIAN LUCIAN', 'POPA', '1CLS', 0),
(9707, 'RICCARDO', 'RAIMONDI', '1CLS', 0),
(9708, 'MATTEO', 'RAMUNDI', '1ALS', 0),
(9709, 'MATTIA', 'REALE', '1ALS', 0),
(9710, 'MARCO', 'RICCIARDI', '1BIN', 0),
(9711, 'MORRIS', 'ROBERTI', '1BIN', 0),
(9712, 'STEFANO', 'RONZITTI', '1CIN', 0),
(9713, 'ANDREA', 'ROSSI', '1AIN', 0),
(9714, 'LUIGI', 'ROSSI', '1AIN', 0),
(9715, 'PATRIZIO', 'ROSSI FINARELLI', '1BLS', 0),
(9716, 'NICOLO''', 'SABATINI', '1ALS', 0),
(9717, 'FRANCESCO', 'SAMBROTTA', '1AIN', 0),
(9718, 'GIUSEPPE', 'SANNINO', '1CIN', 0),
(9719, 'LORENZO', 'SCAMPOLI', '1AIN', 0),
(9720, 'DANIELE', 'SERAFINI', '1CIN', 0),
(9721, 'MATTIA', 'SERRA', '1CLS', 0),
(9722, 'ALESSANDRO', 'SERRI', '1AIN', 0),
(9723, 'GIANLUCA', 'SOTGIU', '1BIN', 0),
(9724, 'LUCA', 'SPADACCINI', '1BIN', 0),
(9725, 'MANUEL', 'SPINELLI', '1BIN', 0),
(9726, 'ALEX', 'SPRINGHETTI', '1AIN', 0),
(9727, 'SIMONE', 'STANTE', '1BIN', 0),
(9728, 'DAVIDE', 'TARTAGLIA', '1CLS', 0),
(9729, 'FRANCESCO', 'TARTAGLIA', '1CIN', 0),
(9730, 'DENIS', 'TIBERIO', '1CIN', 0),
(9731, 'RICCARDO ETTORE', 'TITTAFERRANTE', '1CIN', 0),
(9732, 'ANTONIO', 'TOZZI', '1CIN', 0),
(9733, 'NICOLA', 'TROILO', '1ALS', 0),
(9734, 'SAMANTA', 'VALENTINI', '1ALS', 0),
(9735, 'LORENZO', 'VILLAMAGNA', '1ALS', 0),
(9736, 'ANDREA', 'ZANETTI', '1BLS', 0),
(9737, 'FEDERICA', 'SCOTTI', '2BLS', 0),
(88101, 'PAOLO', 'VESPASIANO', '5BMC', 0),
(88321, 'ILARIA', 'PAGLIARONE', '5CLS', 0),
(88981, 'CRISTIAN', 'CIROLI', '4BLS', 0),
(97371, 'MICHELE', 'IALACCI', '2CIN', 0),
(97372, 'RICCARDO NEDAL', 'ROUZZAK', '2CIN', 0);

-- --------------------------------------------------------

--
-- Struttura della tabella `Amministratori`
--

CREATE TABLE `Amministratori` (
  `username` varchar(255) NOT NULL,
  `nome` varchar(255) NOT NULL,
  `cognome` varchar(255) NOT NULL
) ENGINE=InnoDB DEFAULT CHARSET=utf8;

--
-- Dump dei dati per la tabella `Amministratori`
--

INSERT INTO `Amministratori` (`username`, `nome`, `cognome`) VALUES
('A.Greco', 'Angelo', 'Greco'),
('N.Peca', 'Nicola', 'Peca');

-- --------------------------------------------------------

--
-- Struttura della tabella `Corsi`
--

CREATE TABLE `Corsi` (
  `id_corso` int(11) NOT NULL,
  `descrizione` varchar(255) NOT NULL,
  `username_relatore` varchar(255) NOT NULL,
  `aula` varchar(255) NOT NULL,
  `max_iscritti` int(11) NOT NULL,
  `ora_inizio` time NOT NULL,
  `ora_fine` time NOT NULL,
  `data` date NOT NULL
) ENGINE=InnoDB AUTO_INCREMENT=25 DEFAULT CHARSET=utf8;

--
-- Dump dei dati per la tabella `Corsi`
--

INSERT INTO `Corsi` (`id_corso`, `descrizione`, `username_relatore`, `aula`, `max_iscritti`, `ora_inizio`, `ora_fine`, `data`) VALUES
(1, 'Politiche Giovanili', 'A.Marini', '1', 30, '09:05:00', '12:50:00', '2015-12-21'),
(3, 'Boxe', 'M.DeRossi', '124', 25, '09:05:00', '12:50:00', '2015-12-21'),
(4, 'Pattinaggio', 'M.DeRossi', '34', 20, '09:05:00', '11:00:00', '2015-12-21'),
(6, 'Pesca', 'A.Marini', '34', 45, '11:10:00', '12:50:00', '2015-12-21'),
(7, 'Macchinine', 'A.Marini', '23', 30, '09:05:00', '12:50:00', '2015-12-22'),
(8, 'Arduino', 'M.DeRossi', '34', 23, '09:05:00', '11:00:00', '2015-12-22'),
(9, 'Montaggio', 'A.Marini', '45', 34, '09:05:00', '12:50:00', '2015-12-22'),
(10, 'Smontaggio', 'M.DeRossi', '44', 23, '11:10:00', '12:50:00', '2015-12-22'),
(11, 'Assemblaggio', 'A.Marini', '45', 12, '09:05:00', '11:00:00', '2015-12-22'),
(12, 'Equitazione', 'A.Marini', '33', 15, '09:05:00', '12:50:00', '2015-12-23'),
(13, 'Scacchi', 'M.DeRossi', '23', 45, '09:05:00', '12:30:00', '2015-12-23'),
(14, 'Cucito', 'A.Marini', '34', 12, '11:10:00', '12:30:00', '2015-12-23'),
(15, 'Musica', 'M.DeRossi', '45', 45, '09:05:00', '11:00:00', '2015-12-23'),
(16, 'Bon-Ton', 'A.Marini', '56', 12, '11:10:00', '12:30:00', '2015-12-23'),
(23, 'Football', 'G.Dispoto', '45', 12, '09:05:00', '12:50:00', '2015-12-21'),
(24, 'Basket', 'G.Dispoto', '45', 12, '11:10:00', '12:30:00', '2015-12-23');

-- --------------------------------------------------------

--
-- Struttura della tabella `Iscrizioni`
--

CREATE TABLE `Iscrizioni` (
  `cod_matricola` int(11) NOT NULL,
  `id_corso` int(11) NOT NULL
) ENGINE=InnoDB DEFAULT CHARSET=utf8;

-- --------------------------------------------------------

--
-- Struttura della tabella `LoginAmministratori`
--

CREATE TABLE `LoginAmministratori` (
  `username_amministratore` varchar(255) NOT NULL,
  `pass` varchar(255) NOT NULL
) ENGINE=InnoDB DEFAULT CHARSET=utf8;

--
-- Dump dei dati per la tabella `LoginAmministratori`
--

INSERT INTO `LoginAmministratori` (`username_amministratore`, `pass`) VALUES
('A.Greco', '556b04c0f145becc4cd119cb88385eee4906bc3e296162939c84dbe721b76e3376078ed6fd42bac79574f013a103b44d248b2deb89236a8988422f5dd417db27'),
('N.Peca', 'd5b459a9e37708fa5d7289684660bd0f62586c3a18c587eaf33c27291264399cd8a08d119af40990b1f88f2306f44c81e3ffb8f60282372df3c768649194dcc5');

-- --------------------------------------------------------

--
-- Struttura della tabella `LoginRelatori`
--

CREATE TABLE `LoginRelatori` (
  `username_relatore` varchar(255) NOT NULL,
  `pass` varchar(255) NOT NULL
) ENGINE=InnoDB DEFAULT CHARSET=utf8;

-- --------------------------------------------------------

--
-- Struttura della tabella `Relatori`
--

CREATE TABLE `Relatori` (
  `username` varchar(255) NOT NULL,
  `nome` varchar(255) NOT NULL,
  `cognome` varchar(255) NOT NULL
) ENGINE=InnoDB DEFAULT CHARSET=utf8;

--
-- Dump dei dati per la tabella `Relatori`
--

INSERT INTO `Relatori` (`username`, `nome`, `cognome`) VALUES
('A.Marini', 'Antonietta', 'Marini'),
('G.Dispoto', 'Giovanni', 'Dispoto'),
('M.DeRossi', 'Mario', 'De Rossi');

--
-- Indici per le tabelle scaricate
--

--
-- Indici per le tabelle `Alunni`
--
ALTER TABLE `Alunni`
  ADD PRIMARY KEY (`cod_matricola`);

--
-- Indici per le tabelle `Amministratori`
--
ALTER TABLE `Amministratori`
  ADD PRIMARY KEY (`username`);

--
-- Indici per le tabelle `Corsi`
--
ALTER TABLE `Corsi`
  ADD PRIMARY KEY (`id_corso`),
  ADD KEY `username_relatore` (`username_relatore`);

--
-- Indici per le tabelle `Iscrizioni`
--
ALTER TABLE `Iscrizioni`
  ADD PRIMARY KEY (`cod_matricola`,`id_corso`),
  ADD KEY `id_corso` (`id_corso`);

--
-- Indici per le tabelle `LoginAmministratori`
--
ALTER TABLE `LoginAmministratori`
  ADD PRIMARY KEY (`username_amministratore`);

--
-- Indici per le tabelle `LoginRelatori`
--
ALTER TABLE `LoginRelatori`
  ADD PRIMARY KEY (`username_relatore`);

--
-- Indici per le tabelle `Relatori`
--
ALTER TABLE `Relatori`
  ADD PRIMARY KEY (`username`);

--
-- AUTO_INCREMENT per le tabelle scaricate
--

--
-- AUTO_INCREMENT per la tabella `Corsi`
--
ALTER TABLE `Corsi`
  MODIFY `id_corso` int(11) NOT NULL AUTO_INCREMENT,AUTO_INCREMENT=25;
--
-- Limiti per le tabelle scaricate
--

--
-- Limiti per la tabella `Corsi`
--
ALTER TABLE `Corsi`
  ADD CONSTRAINT `corsi_ibfk_1` FOREIGN KEY (`username_relatore`) REFERENCES `Relatori` (`username`);

--
-- Limiti per la tabella `Iscrizioni`
--
ALTER TABLE `Iscrizioni`
  ADD CONSTRAINT `iscrizioni_ibfk_1` FOREIGN KEY (`cod_matricola`) REFERENCES `Alunni` (`cod_matricola`),
  ADD CONSTRAINT `iscrizioni_ibfk_2` FOREIGN KEY (`id_corso`) REFERENCES `Corsi` (`id_corso`);

--
-- Limiti per la tabella `LoginAmministratori`
--
ALTER TABLE `LoginAmministratori`
  ADD CONSTRAINT `loginamministratori_ibfk_1` FOREIGN KEY (`username_amministratore`) REFERENCES `Amministratori` (`username`);

--
-- Limiti per la tabella `LoginRelatori`
--
ALTER TABLE `LoginRelatori`
  ADD CONSTRAINT `loginrelatori_ibfk_1` FOREIGN KEY (`username_relatore`) REFERENCES `Relatori` (`username`) ON DELETE CASCADE;
